{
  "2": {
    "0": {
      "n_trials": 5,
      "success_rate_mean": 1.0,
      "success_rate_CI95": [
        1.0,
        1.0
      ],
      "time_sec_mean_successes": 0.05650067329406738,
      "time_sec_CI95_successes": [
        0.02557534309890734,
        0.08742600348922742
      ],
      "path_len_mean_successes": 53.380005836486816,
      "path_len_CI95_successes": [
        53.08153737541055,
        53.678474297563085
      ]
    },
    "1": {
      "n_trials": 5,
      "success_rate_mean": 1.0,
      "success_rate_CI95": [
        1.0,
        1.0
      ],
      "time_sec_mean_successes": 0.05960965156555176,
      "time_sec_CI95_successes": [
        0.048240347839388936,
        0.07097895529171458
      ],
      "path_len_mean_successes": 53.380005836486816,
      "path_len_CI95_successes": [
        53.08153737541055,
        53.678474297563085
      ]
    },
    "2": {
      "n_trials": 5,
      "success_rate_mean": 1.0,
      "success_rate_CI95": [
        1.0,
        1.0
      ],
      "time_sec_mean_successes": 0.07225799560546875,
      "time_sec_CI95_successes": [
        0.056966378131127524,
        0.08754961307980998
      ],
      "path_len_mean_successes": 53.65809450149536,
      "path_len_CI95_successes": [
        52.984288858691095,
        54.33190014429963
      ]
    },
    "3": {
      "n_trials": 5,
      "success_rate_mean": 1.0,
      "success_rate_CI95": [
        1.0,
        1.0
      ],
      "time_sec_mean_successes": 0.06853842735290527,
      "time_sec_CI95_successes": [
        0.053848710219941635,
        0.0832281444858689
      ],
      "path_len_mean_successes": 53.65809450149536,
      "path_len_CI95_successes": [
        52.984288858691095,
        54.33190014429963
      ]
    },
    "4": {
      "n_trials": 5,
      "success_rate_mean": 0.8,
      "success_rate_CI95": [
        0.4080000000000001,
        1.192
      ],
      "time_sec_mean_successes": 0.05066913366317749,
      "time_sec_CI95_successes": [
        0.03053048117670185,
        0.07080778614965313
      ],
      "path_len_mean_successes": 54.198493242263794,
      "path_len_CI95_successes": [
        52.40937605533524,
        55.98761042919235
      ]
    }
  }
}